NamID,vent,Akebiconcha.kawamurai,Alvinicaris.marimonte,Alviniconcha.adamantis,Alviniconcha.hessleri,Alvinocaris.brevitelsonis,Alvinocaris.dissimilis,Alvinocaris.longirostris,Amphisamytha.galapagensis,Ashinkailepas.seepiophila,Austinograea.williamsi,Bathyacmaea.tertia,Bathyacmaea.secunda,Bathymodiolus.brevior,Bathymodiolus.aduloides,Bathymodiolus.japonicus,Bathymodiolus.platifrons,Bathymodiolus.septemdierum,Branchinotogluma.burkensis,Branchinotogluma japonicus,Branchinotogluma.marianus,Branchinotogluma.trifurcus,Branchipolynoe.pettiboneae,Archivesica.magnocultellus,Calyptogena.kawamurai,Calyptogena.laubieri,Calyptogena.nankaiensis,Calyptogena.okutanii,Cantrainea.nuda,Cantrainea.jamsteci,Cirrothauma.murrayi,Desbruyeresia.chammaroensis,Desbruyeresia.marianensis,Desbruyeresia.melanioides,Deshayesiella.sirenkoi,Eosipho.desbruyeresi.nipponensis,Eunice.masudai,Eunice.northioidea,Gandalfus.yunohana,Gigantidas.horikoshii,Homalopoma.bicolor,Iheyaspira.lequios,Iheyomytilidicola.tridentatus,Laeviphitus.japonicus,Lamellibrachia.satsuma,Lebbeus.shinkaiae,Lebbeus.washingtonianus,Lepetodrilus.schrolli,Lepetodrilus.japonicus,Lepetodrilus.nux,Lepidonotopodium.minutum,Leptochiton.tenuidontus,Leucolepas.longa,Levensteiniella.raisae,Lurifax.japonicus,Margarites.ryukyuensis,Margarites.shinkai,Marianactis.bythios,Monilea.cocoa,Munidopsis.gracilis,Munidopsis.marianica,Munidopsis.myojinensis,Munidopsis.naginata,Munidopsis.lauensis,Munidopsis.longispinosa,Munidopsis.ryukyuensis,Mytilidiphila.enseiensis,Mytilidiphila.okinawaensis,Neoverruca.brachylepadoformis,Neoverruca.intermedia,Neptunea.acutispiralis,Neptunea.insularis.robusta,Nicomache.ohtai,Oenopota.ogasawarana,Oncaea.venusta,Opaepele.loihi,Pachydermia.cf.sculpta,Paraescarpia.echinospica,Paragiopagurus.ventilatus,Paralomis.multispina,Paralomis.jamsteci,Paralomis.verrilli,Paralvinella.unidentata,Paralvinella.hessleri,Periclimenes.cannaphilus,Phreagena.nankaiensis,Phreagena.okutanii,Phymorhynchus.wareni,Provanna.nassariaeformis,Provanna.clathrata,Provanna.lucida,Provanna.subglabra,Pseudorimula.marianae,Puncturella.rimaizenaensis,Puncturella.parvinobilis,Pyropelta.yamato,Pyropelta.ryukyuensis,Rimicaris.cf.variabilis,Rimicaris.falkorae,Rimicaris.vandoverae,Sericosura.cochleifovea,Shinkai.longipedata,Shinkai.semilonga,Shinkaia.crosnieri,Shinkaicaris.leurokolos,Shinkailepas.kaikatensis,Shinkailepas.myojinensis,Simenchelys.parasitica,Sirsoe.hessleri,Solemya.flava,Stylodactylus.major,Symmetromphalus.regularis,Symphurus.thermophilus,Thermochiton.undocostatus,Thermomya.sulcata,Ventsia.cf.tricarinata,Vulcanolepas.buckeridgei,Xenograpsus novaeinsularis,MGDS_FeatureID lowest in hierarchy,Vent Sites,Activity,Maximum Temperature,Max Temperature Category,Latitude,Longitude,Ocean,Region,National Jurisdiction,Maximum or Single Reported Depth,Minimum Depth,Tectonic setting,Full Spreading Rate (mm/a),Host Rock,Deposit Type,Notes on Vent Field Description,Notes Relevant to Biology,"Year and How Discovered (if active, visual confirmation is listed first)",Discovery References (text),Other References (text),Volcano Number,
Alice Springs Field,AliceSprings,0,0,0,1,0,0,0,0,0,1,0,0,0,0,0,0,1,1,0,1,0,0,0,0,0,0,0,0,0,0,1,1,0,0,0,0,0,0,0,0,0,0,0,0,0,0,1,0,0,1,0,0,1,0,0,0,1,0,0,1,0,0,0,0,0,0,0,1,0,0,0,0,0,0,0,0,0,0,0,0,0,0,1,0,0,0,1,1,0,0,0,1,0,0,0,0,1,0,1,0,0,0,0,0,0,0,0,1,0,0,1,0,0,0,1,1,0,Mariana,"Anemone Heaven, Snail Pits","active, confirmed",287,NA,18.2167,144.6833,N. Pacific,Mariana Trough,United States  :  Northern Mariana Islands and Guam,3640,3595,back-arc spreading center,31.6,"MORB, minor BABB","PMS, polymetallic massive sulfides","small vent fields with active sulfide deposits, low-temperature Fe oxide, barite, and silica chimneys, and associated Fe and Mn deposits on an axial volcano; 287 deg C; at south peak: Anemone Heaven low-temperature site at 18 10'N and Snail Pits high-temperature site at 18 11'N; note: this one listing includes three ""fields"" identified in Hessler and Lonsdale (1991)","hairy gastropods, shrimp, brachyuran crabs, barnacles, polychaetes, limpets; species list in Hessler and Lonsdale (1991)",1987 submersible Alvin; 1982 plume only,"[Craig, H. et al. (1987) Hydrothermal vents in the Mariana Trough: results of the first Alvin dives. EOS Trans. AGU 68: 1531 (AGU Fall Meeting abstract)].","(nearby, but not same location) Natland & Hekinian, HYDROTHERMAL ALTERATION OF BASALTS AND SEDIMENTS AT DEEP SEA DRILLING PROJECT SITE 456, MARIANA TROUGH. Initial Reports of the Deep Sea Drilling Project, 60, 759-768, 1982, RR Hessler and JW Martin (1989) Austinograea williamsi, new genus, new species, a hydrothermal vent crab (Decapoda: Bythograeidae) from the Mariana Back-Arc Basin, western Pacific. J Crust Biol. 9, 645‚Äì661, CL Van Dover and B. Fry (1989) Stable isotopic compositions of hydrothermal vent organisms. Mar. Bio. 102(2): 257-263, Hessler and Lonsdale (1991) Biogeography of Mariana Trough hydrothermal vent communities. Deep Sea Research Part A 38: 185-199, T. Gamo et al. (1993) Revisits to the mid-Mariana Trough Hydrothermal Site and discovery of new venting in the southern Mariana Region by the Japanese submersible Shinkai 6500. InterRidge News 2(1):11-14, Gamo, T. et al. (1994) Mariana 1992 Diving Surveys by ""Shinkai 6500"" JAMSTEC J. Deep-Sea Res. 10: 153-162 (in Japanese with English abstract), Fryer, Geology of the Mariana Trough, in Backarc Basins: Tectonics and Magmatism, 237-279, 1995, S. Kojima et al. (2001) Phylogeny of Hydrothermal-Vent‚ÄìEndemic Gastropods Alviniconcha spp. from the Western Pacific Revealed by Mitochondrial DNA Sequences. Biol Bull. 200: 298-304.",NA,643
Bayonnaise Knoll caldera,Bayonnaise,0,0,0,0,0,0,1,0,0,0,0,0,0,0,0,0,1,0,1,0,0,0,0,0,0,0,0,0,0,0,0,0,0,0,0,0,0,0,0,0,0,0,0,0,0,0,0,0,0,0,0,0,0,0,0,0,0,0,0,0,1,0,0,0,0,0,0,0,1,0,0,0,0,0,0,0,0,0,0,0,0,0,1,0,0,0,0,0,0,0,0,0,0,0,0,0,0,0,0,0,0,0,0,0,1,1,0,0,0,0,0,0,0,0,0,0,0,IBM,Hakurei ore deposit (= Hakurei site),"active, inferred",NA,NA,31.9667,139.7333,N. Pacific,Izu-Bonin back-arc,Japan,900,700,back-arc spreading center,5.5,dacitic to andesitic caldera with lava dome,NotProvided,"located in SE caldera floor; Tanahashi et al. (2006): ""first discovery of Kuroko-type ore deposit in the Izu-Bonin back-arc rift""; note: spreading rate from primary literature not from Bird (2003); Neptune Minerals Plc, 21 Feb. 2007, applications by Neptune Minerals Japan Kabushiki Kaisha: ""Neptune's applications cover 6 highly prospective areas, including the Hakurei hydrothermal field, discovered by Japanese researchers in 2003 approximately 500km south-southeast of Tokyo. Subsequent research has delineated a complex of sulphide mounds and chimneys covering an area of 700m x 500m, at a water depth of around 900m.""; Honsho et al. (2013): AUV Urashima dives in 2011, ""autonomous underwater vehicle (AUV) surveys of a large-scale hydrothermal deposit called the Hakurei site located in the Bayonnaise knoll caldera of the Izu-Ogasawara island arc""",NotProvided,"2003 temperature anomalies, but camera survey observed inactive vent deposits","[Iizasa, K et al (2004) A first extensive hydrothermal field associated with Kuroko-type deposit in a Silicic Submarine caldera in a Nascent Rift Zone, Izu-Ogasawara (Bonin) arc, Japan. OCEANS'04 MTTS/IEEE: 991-996], [Tomizawa, N et al (2004) Exploration for a hydrothermal sulfide deposit in a submarine caldera, Izu-Ogasawara arc. OCEANS'04 MTTS/IEEE: 997-1003], [Tanahashi, M et al (2006) A large hydrothermal sulfide deposit discovered in the Bayonnaise knoll, Izu-Bonin back-arc rift. Shigen Chishitsu 56: 185-196 (Japanese)], Watanabe, H., pers. comm., 2009: ""Dr. K. Iizasa in AIST conducted a cruise of R/V Natsushima and ROV HyperDolphin""","Tanahashi, M. et al. (2008) Myojin Rift, Izu‚ÄìBonin Arc as the Modern Analog of Hokuroku Basin, Northeast Japan: Geotectonic Significance of the New Hydrothermal Deposit in the Back-Arc Rift. Resource Geology 58: 301‚Äì312., Honsho, C., et al. (2013) Mapping the Bayonnaise knoll caldera and the Hakurei hydrothermal deposit with autonomous underwater vehicle using side-scan and multi-beam sonars. 2013 IEEE InternationalUnderwater Technology Symposium, doi:10.1109/UT.2013.6519848.",NA,659
Daikoku volcano,Daikoku,0,0,0,0,0,0,0,0,0,0,0,0,0,0,0,0,0,0,0,0,0,0,0,0,0,0,0,0,0,0,0,0,0,1,0,0,0,1,0,0,0,0,0,1,0,0,0,0,0,0,0,0,0,0,0,0,0,0,0,0,0,0,0,0,0,0,0,0,1,0,0,0,1,0,0,0,0,1,0,0,0,0,0,1,0,0,0,0,0,0,0,0,0,0,0,0,0,0,0,0,0,0,0,0,0,0,0,0,0,0,0,1,0,0,0,0,1,Mariana,"Bubble Bath, Cauldron, Fish Spa, AA, Bluff, Bottomless Pit, Cactus Flower, Crater Tuff Luck, Fish Crack","active, confirmed",211,NA,21.324,144.194,N. Pacific,Mariana Arc,United States  :  Northern Mariana Islands and Guam,450,350,arc volcano,NA,andesite,NotProvided,"steep-walled, 50-m-wide cylindrical crater on the north flank, about 75 m below the summit, is at least 135 m deep and was observed to emit cloudy hydrothermal fluid; During a NOAA expedition in 2006, scientists observed Cauldron, a convecting, black pool of liquid sulfur with a partly solidified, undulating sulfur crust at a depth of 420 m below the summit of Daikoku, and temperature > 200 C; located within U.S. Marianas Trench Marine National Monument (http://www.fws.gov/marianastrenchmarinemonument/)","extensive biological communities with new species tonguefish, tubeworms, snails, and crabs (NOAA cruise report 2006)",2004 ROV ROPOS; 2003 plume only,"(plume only): Embley, R et al (2004) Explorations of Mariana Arc volcanoes reveal new hydrothermal systems. EOS, Trans. AGU 85(4): 37, 40, (ROV) Chadwick, W. et al. (2004) The Geologic Setting of Hydrothermal Vents at Mariana Arc Submarine Volcanoes: High-Resolution Bathymetry and ROV Observations. American Geophysical Union, Fall Meeting 2004, abstract #V43F-06.","NOAA ""Submarine Ring of Fire"" cruise report (2006): http://oceanexplorer.noaa.gov/explorations/06fire/logs/summary/media/srof06_cruisereport_final.pdf, Embley, RW et al. (2007) Exploring the submarine ring of fire Mariana Arc - Western Pacific. Oceanography 20(4): 68-79.",284137,699
Forecast,Forecast,0,0,0,1,0,0,0,0,0,1,0,0,0,0,0,0,1,1,0,1,0,0,0,0,0,0,0,0,0,0,0,1,0,0,0,0,0,0,0,0,0,0,0,0,0,0,0,0,0,0,0,0,1,0,0,0,1,0,1,1,0,0,0,0,0,0,0,1,0,0,0,0,0,0,0,1,0,0,0,0,0,0,0,0,0,0,1,0,0,0,0,1,0,0,0,0,1,0,1,0,0,0,0,0,0,0,0,0,0,0,1,0,0,0,1,0,0,Mariana,"Bart, Snail Scrum, Homer, Marge","active, confirmed",210,NA,13.4,143.9166,N. Pacific,Mariana Arc,United States  :  Northern Mariana Islands and Guam,1470,NA,arc volcano,NA,"IAB, BABB, low-K andesite","PMS, polymetallic massive sulfides","E of back-arc spreading center and W of southern Mariana Arc; Gamo et al. suggest this is arc-type not back-arc type like Alice Springs; Hannington et al. (2005) list as arc-backarc volcano; approx. 9 miles/17 km E of spreading axis; small vent field with active sulfide-bearing chimneys on seamount near spreading center, clear smokers, >200 deg C with high pH and alkalinity, barite silicate chimneys","hairy gastropods, shrimp, brachyuran crabs, barnacles, polychaetes, limpets (differ from further north in the Mariana Arc); NOAA cruise report 2006 also suggests fauna differs from Seamount X just 10km away-- i.e. more diversity like back-arc spreading center vs. frontal volcanic arc; Kojima (2002) review says fauna similar between Forecast and Alice Springs",1992 submersible Shinkai 6500,"Gamo, T. et al. (1993) Revisits to the mid-Mariana Trough Hydrothermal Site and discovery of new venting in the southern Mariana Region by the Japanese submersible Shinkai 6500. InterRidge News 2(1): 11-14, Johnson, L., et al. (1993) Hydrothermal deposits and two magma sources for volcanoes near 13¬∞20'N in the Mariana backarc: a view from Shinkai 6500. EOS Trans. AGU Fall Meet. Suppl. 74: 681, Gamo, T. et al. (1994) Mariana 1992 Diving Surveys by ""Shinkai 6500"" JAMSTEC J. Deep-Sea Res. 10: 153-162 (in Japanese with English abstract).","[Hein et al., in Geology and Resource Potential of the Continental Margin of Western North America and Adjacent Ocean Basins, 753-771, 1987], Fryer, in Backarc Basins: Tectonics and Magmatism, 237-279, 1995, S. Kojima et al. (2001) Phylogeny of Hydrothermal-Vent‚ÄìEndemic Gastropods Alviniconcha spp. from the Western Pacific Revealed by Mitochondrial DNA Sequences. Biol Bull. 200: 298-304, Kojima (2002) Deep-Sea Chemoautosynthesis-Based Communities in the Northwestern Pacific. Journal of Oceanography 58: 343-363.",284220,824
Irabu Knoll,Irabu,0,0,0,0,0,0,1,0,0,0,0,0,0,0,0,0,0,0,0,0,0,0,0,0,0,0,0,0,0,0,0,0,0,0,0,0,0,0,0,0,0,0,0,0,0,0,0,0,1,0,0,1,0,0,1,0,0,0,0,0,0,0,0,0,1,0,0,0,1,0,0,0,0,0,0,0,0,0,0,0,0,0,0,0,0,0,0,0,0,0,0,0,0,0,0,0,0,0,0,0,0,0,1,1,0,0,0,0,0,0,0,0,0,0,0,0,0,NA,NA,"active, confirmed",150,NA,25.23,124.88,N. Pacific,Okinawa Trough,Japan,1850,1650,back-arc spreading center,43.5,basalt-hosted,LTH,"southern Okinawa Trough; note: S. Petersen distinguishes northern and southwestern volcanoes at eastern end of Yaeyama Graben; Yaeyama Central Graben trends east-west and is located south of Miyako Seamount and north of Miyako Island; Matsumoto et al. (2001): ""The area was surveyed by R/V YOKOSUKA and DSV SHINKAI 6500 in July-August 2000 (Lequios Cruise: Cruise ID=YK00-06 Leg2) after the succession of the previous l'Atalante cruise in 1996 in the SPOT Area (east of Taiwan). ... Two active hydrothermal sites were newly located through 10 dives in the study area. One is located in the SPOT area and the other on the axial zone of the Okinawa Trough off the northern coast of Miyako Island. Maximum temperature was 170.DEG.C. in the former case and 150.DEG.C. in the latter case. Both sites are characterised by active chimneys associated with sulphide deposits and chemosynthetic communities.""; Okino et al. (2015): AUV Urashima dives 181 and 184 in 2014, ""In dive 181 and 184, we confirmed three known hydrothermal vents""","dense actinian assemblage (KATSURA et al., 1986)",2000 submersible Shinkai 6500; 1986 seafloor photos did not confirm activity,"Matsumoto et al. (2001) Volcanic and hydrothermal activities and possible ""segmentation"" of the axial rifting in the westernmost part of the Okinawa Trough. Preliminary results from the YOKOSUKA/SHINKAI 6500 Lequios Cruise. JAMSTEC Journal of Deep Sea Research 19: 95-107, (photos only) [KATSURA T., et al. (1986) Geological and geophysical characteristics of the southwestern Okinawa Trough and adjacent area. Report of Hydrographic Researches, 21, 21-47 (In Japanese with English abstract)].","Okino, K. et al. (2015) Preliminary report of AUV URASHIMA dives at Tarama and Irabu hydrothermal fields. Japan Geosience Union Meeting 2015, abstract SCG64-09.",NA,926
Izena Cauldron,Izena,0,0,0,0,1,0,1,1,1,0,0,1,0,0,1,1,0,0,0,0,1,1,0,0,0,0,0,0,1,0,0,0,0,0,0,0,0,0,0,0,1,0,0,0,1,0,0,0,1,0,0,0,0,0,1,1,0,0,0,0,0,0,0,0,0,0,0,0,0,0,0,0,0,0,0,0,0,0,0,0,1,0,1,0,0,0,0,0,0,0,0,0,1,1,0,0,0,0,0,0,0,0,1,1,0,1,0,0,0,0,0,0,0,0,0,0,0,NA,"Jade (includes TBS Chimney), Hakurei (includes Dragon Chimney)","active, confirmed",326,NA,27.2667,127.0833,N. Pacific,Okinawa Trough,Japan,1610,1300,back-arc spreading center,30.1,"basalt, high-K andesite, dacite, rhyolithe","PMS, polymetallic massive sulfides","active sulfide deposits and low-temperature Fe oxide, barite, and silica chimneys in the caldera (100 m x 300 m approx. explored dimensions), black (320 deg C) and clear (220 deg C) smokers with high gas content; liquid CO2; Neptune Minerals Plc, 21 Feb. 2007, applications by Neptune Minerals Japan Kabushiki Kaisha: ""Included in Neptune's application areas is the JADE hydrothermal field, where continuing research since its discovery in 1988 has highlighted extensive occurrences of SMS mineralisation over an area of 1800m by 600m.""; Ishibashi et al. (2015): ""Izena Hole is a rectangular shaped depression about 6 x 3 km"", ""Hakurei field is located at the bottom of the depression of the Izena Hole... depths of 1600-1610 m"", highest temperature 326 C Dragon Chimney at 1600 m, ""Jade field is located at an inside slope of the north-eastern wall of the Izena Hole... depth of 1550-1300 m"", highest temperature 320 C TBS Chimney at 1350 m","galatheid crabs, shrimps, vestimentiferan tubeworms, Bathymodiolus, Calyptogena",1988 submersible Shinkai 2000,Halbach et al. (1989) Probable modern analogue of Kuroko-type massive sulphide deposits in the Okinawa Trough back-arc basin. Nature 338: 496-499.,"Marumo, K. and Hattori, K.H. (1999) Seafloor hydrothermal clay alteration at Jade in the back-arc Okinawa Trough: mineralogy, geochemistry and isotope characteristics. Geochimica et Cosmochimica Acta 63: 2785-2804, Sakai et al. (1990) Venting of Carbon Dioxide-Rich Fluid and Hydrate Formation in Mid-Okinawa Trough Backarc Basin. Science 248: 1093-1096, [Kimura et al. (1989) Study of topography, hydrothermal deposits and animal colonies in the Middle Okinawa Trough hydrothermal areas using the submersible ""SHINKAI 2000"" system. JAMSTEC Deep-Sea Res. 5: 223-244, Ohta (1990) Deep-sea submersible survey of the hydrothermal vent community on the northeastern slope of the lheya Ridge, the Okinawa Trough. JAMSTEC Deep-sea Res., 6: 145-156, Tanaka et al. (1990) Occurrence and distribution of the hydrothermal deposits in the Izena Hole, central Okinawa Trough. JAMSTEC Deep-Sea Res. 6: 11-26, Ishibashi, J., et al. (2015) Hydrothermal Activity in the Okinawa Trough Back-Arc Basin: Geological Background and Hydrothermal Mineralization. pp. 337-359 in Ishibashi, J. et al. (eds) Subseafloor Biosphere Linked to Hydrothermal Systems. Springer. doi:10.1007/978-4-431-54865-2_27.",NA,870
Kagoshima Bay,Kagoshima,0,0,0,0,0,0,0,0,0,0,0,0,0,0,0,0,0,0,0,0,0,0,0,0,0,0,0,0,0,0,0,0,0,0,0,0,0,0,0,0,0,0,0,1,0,0,0,0,0,0,0,0,0,0,0,0,0,0,0,0,0,0,0,0,0,0,0,0,0,0,0,0,0,0,0,0,0,0,0,0,0,0,0,0,0,0,0,0,0,0,1,0,0,0,0,0,0,0,0,0,0,0,0,0,0,0,0,0,0,0,0,0,0,0,0,0,0,NA,Wakamiko Crater (includes Haorimushi and Tagiri),"active, confirmed",200,NA,31.6583,130.8,N. Pacific,Ryukyu Arc,Japan,200,80,arc volcano,NA,rhyolite,LTH; also see Yamanaka et al. (2013),"Coastal Japan (Kyushu Island); Smithsonian Global Volcanism Program profile 282080 Aira: ""Aira caldera in the northern half of Kagoshima Bay contains the post-caldera Sakurajima volcano... smaller Wakamiko caldera was formed during the early Holocene in the NE corner of the Aira caldera""; Haorimushi (tubeworm) low-temperature site at ~80 m depth is on a knoll on E side of Wakamiko crater; Tagiri high-temperature sites at ~200 m depth include chimneys at 31 40.07' N, 130 45.70' E, about 2 km west of position of Haorimushi; Tagiri refers to bubbles noted by fishermen; Yamanaka et al. (2013): ""venting fluid is composed mixture of seawater, meteoric water and magmatic water"", ""chimneys formed mainly talc with small amount of carbonate and anhydrite""; high concentrations of carbon dioxide, methane, and hydrogen sulfide; tectonic setting alternatively listed as ""rifted volcanic arc""","tubeworms (Lamellibrachia satsuma), Solemyidae, polychaetes, galatheids, shrimps",1993 towed TV system (Haorimushi site); 2007 ROV Hyper-dolphin (Tagiri site),"Hashimoto et al., Discovery of vestimentiferan tube-worms in the euphotic zone. Zool. Sci., 10, 1063-1067, 1993.","Maki, T., et al. (2006) Photo Mosaicing of Tagiri Shallow Vent Area by the AUV ""Tri-Dog 1"" using a SLAM based Navigation Scheme. OCEANS 2006, DOI: 10.1109/OCEANS.2006.306941 (note: T. Maki, pers. comm. 2015, this paper from 2006 is referring to the Haorimushi site)., Nakaseama et al. (2008) Fluid-Sediment Interaction in a Marine Shallow-Water Hydrothermal System in the Wakamiko Submarine Crater, South Kyushu, Japan. Resource Geology 58: 289-300., Yamanaka, T. et al. (2013) Shallow submarine hydrothermal activity with significant contribution of magmatic water producing talc chimneys in the Wakamiko Crater of Kagoshima Bay, southern Kyushu, Japan. Journal of Volcanology and Geothermal Research 258, 74‚Äì84, doi:10.1016/j.jvolgeores.2013.04.007.",282080,873
Kaikata Seamount,Kaikata,0,0,0,0,0,0,0,0,0,0,0,0,0,0,0,0,0,0,1,0,0,1,0,0,0,0,0,0,0,0,0,0,0,0,0,0,0,1,1,0,0,0,1,0,0,0,0,0,0,0,0,0,0,0,0,0,0,1,0,0,0,0,0,0,0,0,0,0,1,0,0,0,1,0,0,0,0,0,0,0,0,0,0,0,0,0,0,0,0,0,0,0,0,0,0,0,0,0,0,0,0,0,0,0,1,0,0,0,0,0,0,1,0,0,0,0,0,IBM,KC,"active, confirmed",NA,Low,26.7,141.0833,N. Pacific,Izu-Bonin Arc,Japan,930,460,arc volcano,NA,"IAB, low-K andesite","LTH, vein and diseminated sulfides in altered lavas, Mn crusts","on Shichito-Iwojima Ridge; vein and disseminated pyrite with minor polymetallic sulfides in altered andesite lavas, Mn crusts on flanks of volcano, low temperature (22 C) clear venting, sulfide mineralization, hydrothermal oxide deposits; Urabe et al. (1987): ""This is, to our knowledge, the first discovery of hydrothermal precious and basemetal mineralizations associated with front volcanism in the marine environment.""; Neptune Minerals Plc, 21 Feb. 2007, applications by Neptune Minerals Japan Kabushiki Kaisha: ""Neptune's applications also cover the Myojin and Myojinsho Knolls, and the Suiyo and Kaikata Seamounts, all of which contain known SMS mineralisation.""","Bythograeidae, Mytilidae, Polynoidae, gastropods, barnacles, tonguefish",1988 submersible Shinkai 2000; 1985 dredge only,"[Mitsuzawa et al. (1989) Measurements of water temperature and current around the submarine caldera in the KC Kaikata Seamount. JAMSTEC Deep Sea Res. 5: 47-55 (in Japanese with English abstract)], (dredge only) Urabe, T et al. (1987) Hydrothermal sulfides from a submarine caldera in the Shichito-Iwojima Ridge, northwestern Pacific. Mar Geol 74: 295-299.","Usui & Nishimura, Submersible observations of hydrothermal manganese deposits on the Kaikata Seamount, Izu-Ogasawara (Bonin) Arc, Mar. Geol., 106, 203-216, 1992.",284097,874
Kasuga 2 Seamount,Kasuga,0,0,0,0,0,0,0,0,0,0,0,0,0,0,0,0,1,0,0,0,0,0,0,0,0,0,0,0,0,0,0,1,0,1,0,0,0,1,0,1,0,0,1,1,0,0,0,0,0,0,0,0,0,0,0,0,0,0,0,0,0,0,0,0,0,0,0,0,1,0,0,0,1,0,0,0,0,0,0,0,0,0,0,1,0,0,0,0,0,0,0,0,0,0,0,0,0,0,0,0,0,0,0,0,0,0,0,0,0,0,0,1,0,0,0,0,1,Mariana,"Barnacle Boulders, Crab Slope, Cracked Vent, Flat Bottom, Hairy Mat, Hairy Rock, Mat Ridge, Pinnacle, SW Eels, Whale Rock, Yellow Overlord","active, confirmed",39,NA,21.6,143.6167,N. Pacific,Mariana Arc,United States  :  Northern Mariana Islands and Guam,500,400,arc volcano,NA,basalts to shoshonites,"LTH, Fe oxide, silica, native sulfur deposits","small nontronite chimneys and hydrothermal crusts, various deposits of cemented volcaniclastic sediments with amorphous Fe oxides, silica, native sulfur, minor pyrite, 39 C; Smithsonian Global Volcanism profile 284135, accessed 28 May 2015: ""Active hydrothermal fields are located at the summit, at the base of summit ridges, and on the lower flanks.""","at least three obligate, vent-associated megabenthos species (bythogreid crab, barnacle and tonguefish); new species tonguefish; also tubeworms, bacterial mats",1987 submersible Alvin,"McMurtry et al (1993) Unusual geochemistry of hydrothermal vents on submarine arc volcanoes: Kasuga Seamounts, Northern Mariana Arc. Earth and Planetary Science Letters 114: 517-528.","Fryer, Geology of the Mariana Trough, in Backarc Basins: Tectonics and Magmatism, 237-279, 1995, ed. B. Taylor, Plenum Press, New York, Fujikura, K et al. (1999) Investigation of the Deep-sea Chemosynthetic Ecosystem and Submarine Volcano at the Kasuga 2 and 3 Seamounts in the Northern Mariana Trough, Western Pacific. JAMSTEC Journal of Deep Sea Research 14: 127-138, Embley, R et al (2004) Explorations of Mariana Arc volcanoes reveal new hydrothermal systems. EOS, Trans. AGU 85(4): 37, 40.",284135,878
"Kueishan Island, offshore",Kueishan,0,0,0,0,0,0,0,0,0,0,0,0,0,0,0,0,0,0,0,0,0,0,0,0,0,0,0,0,0,0,0,0,0,0,0,0,0,0,0,0,0,0,0,0,0,0,0,0,0,0,0,0,0,0,0,0,0,0,0,0,0,0,0,0,0,0,0,0,0,0,0,0,0,1,0,0,0,0,0,0,0,0,0,0,0,0,0,0,0,0,0,0,0,0,0,0,0,0,0,0,0,0,0,0,0,0,0,0,0,0,0,0,0,0,0,0,0,NA,NA,"active, confirmed",NA,NotProvided,24.8333,122,N. Pacific,Okinawa Trough,Taiwan,1200,250,back-arc spreading center,53.1,NotProvided,NotProvided,Southernmost Part of Okinawa Trough; deep-sea hydrothermal sites NE of Taiwan,"galatheid Shinkaia crosnieri, bivalves, for shrimp see Komai and Chan (2010)",2008 or earlier,NEED CITATION.,"Chan, T.-Y. et al. (2000) The first deep-sea hydrothermal animal reported from Taiwan: Shinkaia crosnieri Baba and Williams, 1998 (Crustacea: Decapoda: Galatheidae). Bull Mar Sci 67: 799-804, Wang, T.W. et al. (2009) The hydrothermal vent and cold seep fauna of Taiwan, and their possible food chain relationships, abstract in 4th CBE Symposium., Komai, T. and Chan, T.-Y. (2010) A new genus and two new species of alvinocaridid shrimps (Crustacea: Decapoda: Caridea) from a hydrothermal vent field off northeastern Taiwan. Zootaxa 2372: 15-32.",NA,899
Minami-Ensei Knoll,MinamiEnsei,1,0,0,0,1,1,0,0,1,0,0,1,0,1,1,0,0,0,0,0,0,0,0,1,0,0,0,1,1,0,0,0,0,0,0,1,1,0,0,0,0,0,0,0,1,1,0,1,1,0,0,0,0,0,0,0,0,0,0,0,0,0,0,0,0,1,1,0,0,0,1,0,0,0,0,0,0,0,0,1,0,0,1,0,0,0,0,0,0,0,0,0,0,1,0,0,0,0,0,0,0,1,1,1,0,1,0,0,0,0,0,0,0,0,0,0,0,NA,"Taimatsu Chimney, Yajiri Chimney, Yunoi Chimney","active, confirmed",278,NA,28.3917,127.6417,N. Pacific,Okinawa Trough,Japan,740,610,back-arc spreading center,24.2,"basalt, high-K andesite, dacite, sediment","PMS, polymetallic sulfides & barite","small vent field of approx. 10 sulfide and barite chimneys, 267-278 C, anhydrite chimneys venting clear fluid on barite-sulfide mound; Neptune Minerals Plc, 21 Feb. 2007, applications by Neptune Minerals Japan Kabushiki Kaisha: ""Neptune's applications also cover the Minami-Ensei Knoll and Iheya North areas, both of which contain known SMS mineralisation.""","mussel (Bathymodiolus japonicus), Calyptogena, vestimentiferan tubeworms, bacterial mats; fauna summarized by Hashimoto et al. (1995)",1988 deep tow TV surveys followed by submersible Shinkai 2000; 1986 dredged Calyptogena shells,"[Chiba, et al. (1992) Chemistry and isotopic composition of bubbles emerging from the seafloor at the Minami-Ensei Knoll, Okinawa Trough. JAMSTECTR Deepsea Res., 8, 81-87 (in Japanese with English abst.)].","Hashimoto et al. (1995) Microdistribution pattern and biogeography of the hydrothermal vent communities of the Minami-Ensei Knoll in the Mid-Okinawa Trough, Western Pacific. Deep-Sea Res. I 42: 577-598, Halbach et al., Geology and mineralogy of massive sulfide ores from the central Okinawa Trough, Japan, Econ. Geol., 88, 2210-2225, 1993.",NA,1016
Mokuyo Seamount,Mokuyo,0,0,0,0,1,0,0,0,0,0,0,0,0,0,0,0,1,0,0,0,0,0,0,0,0,0,0,0,0,0,0,0,0,0,0,0,0,1,0,0,0,0,0,0,0,0,0,0,0,0,0,0,0,0,0,0,0,0,0,0,0,0,0,0,0,0,0,0,0,0,0,0,0,0,0,0,0,0,0,0,0,0,0,0,0,0,0,0,0,0,0,0,0,0,0,0,0,0,0,0,0,0,0,0,0,0,0,0,0,0,0,0,0,0,0,0,0,IBM,NA,"active, confirmed",NA,Low,28.32,140.58,N. Pacific,Izu-Bonin Arc,Japan,1200,870,arc volcano,NA,NotProvided,"LTH, deposits not described","north of Chichijima Island, Shichito-Iwojima Ridge; diffuse, low-temperature hydrothermal vents in caldera of arc volcano","Mytilidae, shrimps, siboglinid tubeworms",1990 submersible Shinkai 2000,"[Hashimoto, J. and Fujikura, K., 1992. Vent communities at the Suiyo Seamount, Mokuyo Seamount and Nikko Seamount. In: Abstract Papers, the 8th symposium of Shinkai 2000 study JAMSTEC, pp. 48‚Äì51 (In Japanese).], [Nagaoka et al. (1992) Geology of Mokuyo Seamount, Doyo Seamount, and Suiyo Seamount in the Sitiyo Seamounts on the Ogasawara arc. Proc. JAMSTEC Symp. Deep-Sea Res. 8: 237-248 (In Japanese with English abstract).]","[Glasby, GP et al (2000) Submarine hydrothermal mineralization on the Izu-Bonin Arc, South of Japan: An overview. Marine Georesources & Geotechnology 18: 141-176.]",284094,1019
Myojin Knoll,Myojin,0,0,0,0,1,0,1,0,1,0,0,0,0,1,0,1,1,0,1,0,0,0,0,0,0,0,0,0,0,0,0,0,1,0,1,0,0,1,0,0,0,0,0,0,0,0,0,0,0,0,0,0,0,0,0,0,0,0,0,0,1,0,0,0,0,0,0,0,1,0,0,0,0,0,0,0,0,0,0,0,0,0,1,0,0,0,0,0,0,0,0,0,0,0,0,0,0,0,0,0,0,0,0,0,1,1,1,0,0,0,0,0,0,0,0,0,0,IBM,"Sunrise, Daimyojin, MK#10-2","active, confirmed",278,NA,32.1033,139.8683,N. Pacific,Izu-Bonin Arc,Japan,1360,1220,arc volcano,NA,"IAB, low-K andesite, dacite, rhyolithe","PMS, polymetallic sulfides in mineralized tuff","submarine volcano on Shichito-Iwojima Ridge; active hydrothermal vent on eastern caldera floor with vent chimneys up to 30m high, 278 deg C; large 400x400m polymetallic Kuroko-type sulfide deposit named ""Sunrise Deposit""; Neptune Minerals Plc, 21 Feb. 2007, applications by Neptune Minerals Japan Kabushiki Kaisha: ""Neptune's applications also cover the Myojin and Myojinsho Knolls, and the Suiyo and Kaikata Seamounts, all of which contain known SMS mineralisation.""","NT 13-05 cruise report includes Bathymodiolin mussels, polynoid worms, and crabs on ROV Hyper-Dolphin #1493",1996 submersible Shinkai 2000,"[Iizasa, K., et al. 1997. Sulfide chimneys and massive sulfides at Myojin Knoll caldera, Izu-Ogasawara arc. JAMSTEC J. Deep Sea Res. 13, pp. 443‚Äì456 (in Japanese with English abstract)], Iizasa, K et al. (1999) A Kuroko-type polymetallic sulfide deposit in a submarine silicic caldera. Science 283: 975-977.","[Iizasa, K et al (1997) Volcanic-hosted sulfide-barite deposit from the Kita-Bayonnaise submarine caldera, Izu-Ogasawara Arc, northwestern Pacific. Mar Georesour Geotechnol 15(1): 1-20], Tsunogai, U et al (2000) Carbon isotopic distribution of methane in deep-sea hydrothermal plume, Myojin Knoll Caldera, Izu-Bonin arc: implications for microbial methane oxidation in the oceans and applications to heat flux estimation. Geochim. Cosmochim. Acta 64: 2439-2452., Natsushima NT 13-05 cruise report (2013), accessed 20150423, http://www.godac.jamstec.go.jp/catalog/data/doc_catalog/media/NT13-05_all.pdf",284061,1029
Myojinsho Caldera,Myojinsho,0,0,0,0,0,0,1,0,1,0,0,0,0,1,0,0,1,0,1,0,0,0,0,0,0,0,0,0,0,0,0,0,0,0,0,0,0,1,0,0,0,0,0,0,0,0,0,0,0,0,0,0,0,0,0,0,0,0,0,0,1,0,0,0,0,0,0,0,1,0,0,0,0,0,0,0,0,0,0,0,0,0,1,0,0,0,0,0,0,0,0,0,0,0,0,0,0,0,0,0,0,0,0,0,1,1,1,0,0,0,0,0,0,0,0,0,0,IBM,RisingStar,"active, inferred",NA,NA,31.8833,139.95,N. Pacific,Izu-Bonin Arc,Japan,1110,850,arc volcano,NA,"IAB, low-K andesite, dacite, rhyolithe",PMS,"just east of Bayonnaise Rocks; Bayonnaise Rocks is barely exposed rim of largely submarine 9-km wide caldera; Myojin-sho is post-caldera lava dome on NE rim of this caldera; Iizasa et al. (1992): ""This is the first discovery of extensive base metal sulfide mineralization in a volcanic front environment;"" volcanically active in historical time; Carey and Sigurdsson (2007): ""The loss of the Japanese survey vessel Kaio-maru in 1952 from an eruption of the shallow Myojinsho volcano underlines the dangers of submarine eruptions that reach the surface""; Neptune Minerals Plc, 21 Feb. 2007, applications by Neptune Minerals Japan Kabushiki Kaisha: ""Neptune's applications also cover the Myojin and Myojinsho Knolls, and the Suiyo and Kaikata Seamounts, all of which contain known SMS mineralisation.""",NotProvided,1988 deposits only; 2005 plume only,"(deposits only) Iizasa, K., et al., Mineralogy and geochemistry of volcanogenic sulfides from the Myojinsho submarine caldera, the Shichito-Iwojima Ridge, Izu-Ogasawara Arc, northwestern Pacific. Mar. Geol., 108, 39-58, 1992, (plume only) Okamura, K., et al (2005) Hydrothermal plumes at the Myojinsho submarine caldera, the Shichito-Iwojima Ridge, Izu-Bonin Arc. American Geophysical Union, Fall Meeting 2005, abstract #V51C-1499, Watanabe, H., pers. comm., 2009: ""Dr. K. Iizasa in AIST conducted a cruise of R/V Natsushima and ROV HyperDolphin""","Fiske, R. et al. (1998) Tephra dispersal from Myojinsho, Japan, during its shallow submarine eruption of 1952‚Äì1953. Bull. Volcanology 59: 262-275, [Glasby, GP et al. (2000) Submarine hydrothermal mineralization on the Izu-Bonin Arc, South of Japan: An overview. Marine georesources & geotechnology 18: 141-176], Carey, S. and Sigurdsson, H. (2007) Exploring submarine arc volcanoes. Oceanography 20(4): 80-89.",284070,1030
Nikko volcano,Nikko,0,0,0,0,0,0,1,0,0,0,0,0,0,0,0,0,1,0,0,1,0,0,0,0,0,0,0,0,0,0,0,0,0,1,0,0,0,1,1,0,0,0,0,1,0,0,0,0,0,0,0,0,0,0,0,0,0,0,0,0,0,0,0,0,0,0,0,0,1,0,0,0,1,0,1,0,0,1,0,0,0,0,0,1,0,0,0,0,0,0,0,0,0,0,0,0,0,0,0,0,0,0,0,0,0,0,0,0,0,0,0,1,0,0,0,0,1,Mariana,"Naraku, Varnum","active, confirmed",248,NA,23.0833,142.3333,N. Pacific,Mariana Arc,Japan,600,430,arc volcano,NA,andesite,NotProvided,"also reported as Izu-Bonin Arc; southeast end of ridge extending from Minami-Iwo-jima island, Izu Ogasawara Shoto; two large cones on NW and NE rims of 3-km diam. caldera with prominent southern rim; larger NW cone site of main hydrothermal plume; observed liquid sulfur pools at Naraku with ROV Hyper-Dolphin in 2005 (first time liquid sulfur ever observed on the seafloor), temperature > 200 C","siboglinid tubeworms, cynoglossid fish (tonguefish), bythograeid crabs, stalked barnacles, only dead mussel shells as of Kojima (2002) review; relatively high density of chemosynthetic life for a seafloor volcano (NOAA cruise report 2006)",1992 submersible Shinkai 6500; 1979 first observed discolored water above the seamount,"[HASHIMOTO J. and K. FUJIKURA (1992) Vent communities at the Suiyo Seamount, Mokuyo Seamount and Nikko Seamount. Abstract Papers, the 8th symposium of Shinkai 2000 study, JAMSTEC, 48-51 (In Japanese)].","Kojima (2002) Deep-Sea Chemoautosynthesis-Based Communities in the Northwestern Pacific. Journal of Oceanography 58: 343-363, Embley, R et al (2004) Explorations of Mariana Arc volcanoes reveal new hydrothermal systems. EOS, Trans. AGU 85(4): 37, 40, NOAA ""Submarine Ring of Fire"" cruise report (2006): http://oceanexplorer.noaa.gov/explorations/06fire/logs/summary/media/srof06_cruisereport_final.pdf, Embley, RW et al. (2007) Exploring the submarine ring of fire Mariana Arc - Western Pacific. Oceanography 20(4): 68-79.",284132,1051
"North Knoll, Iheya Ridge",IheyaNorth,0,0,0,0,0,0,1,1,1,0,1,1,0,1,1,1,0,0,0,0,0,0,0,0,0,1,1,0,1,0,0,0,0,0,1,0,0,0,0,0,1,0,0,0,0,0,0,0,1,0,1,1,0,0,1,0,0,0,0,0,0,0,0,0,0,0,0,0,0,0,0,0,0,0,0,0,0,0,1,0,0,0,1,0,1,1,0,0,1,1,1,0,0,1,0,0,0,0,0,0,1,1,1,1,0,0,0,0,0,0,0,0,1,0,0,0,0,NA,"Iheya North Original [contains North Big Chimney (= NBC, C0016), South Big Chimney (= SBC)], Iheya North Natsu (contains Yarigatake Chimney), Iheya North Aki (contains Ikinari Chimney, Furikaeri Chimney, Table Mountain, Kagamimochi)","active, confirmed",317,NA,27.7908,126.8966,N. Pacific,Okinawa Trough,Japan,1100,970,back-arc spreading center,28.2,"basalt, high-K andesite, dacite",NotProvided,"position in database is for NBC at Iheya North Original; for assessment after the 2010 IODP drilling, see Kawagucci et al. (2013) and Nakajima et al. (2015); on cruise KY14-01 with ROV Hyper-dolphin in 2014, two new vent clusters - Iheya North Natsu and Iheya North Aki - were confirmed south of the Iheya North Original field. Here, we call these 'vent clusters' rather than creating new 'vent fields' in this database because the cruise report says: ""These three hydrothermal fields likely had common [sub-seafloor] hydrothermal fluid sources such as sub-seafloor hydrothermal fluid reservoir and whole hydrothermal fluid flow paths. This implied that Iheya North Original, Natsu and Aki fields comprised one gigantic hydrothermal system (>3 km horizontal extension at the seafloor events).""; Ikinari Chimney at 317 C was boiling in 2014: ""was the highest temperature of hydrothermal fluid ever recorded in the Iheya North Knoll.""; Neptune Minerals Plc, 21 Feb. 2007, applications by Neptune Minerals Japan Kabushiki Kaisha: ""Neptune's applications also cover the Minami-Ensei Knoll and Iheya North areas, both of which contain known SMS mineralisation.""; JAMSTEC YouTube video, accessed 23 Apr. 2015: https://www.youtube.com/watch?v=djLBbe17OPU&feature=em-share_video_user","Yamamoto et al. (1999): ""... included some obligate species of chemosynthetic communities, Vestimentifera, Bathymodiolus and Calyptogena, which have chemosynthetic symbiont bacteria. Many of other species (two limpets, Provanna sp., three species of Polynoidae and Alvinocaris sp.) were thought to be obligate to chemosynthetic communities""; cruise KY14-01: two types of mussels with ""huge"" biomass near Kagamimochi; for megabenthos including the galatheid crab Shinkaia crosnieri after the 2010 IODP drilling, see Nakajima et al. (2015)",1995 deep tow survey,"[Chiba et al. (1996) Seafloor hydrothermal systems at North Knoll, Iheya Ridge, Okinawa Trough. JAMSTEC Journal of Deep Sea Research 12: 211-219].","Yamamoto et al. (1999) Chemosynthetic community at North Knoll, Iheya Ridge, Okinawa Trough.  JAMSTEC J DSR 15: 19-24, Kataoka et al. (2000) Topography and fluid geochemistry of the Iheya North Knoll seafloor hydrothermal system in the Okinawa Trough. JAMSTEC Journal of Deep Sea Research 16: 1-7, Yamanaka, T. and Sakata, S. (2004) Abundance and distribution of fatty acids in hydrothermal vent sediments of the western Pacific Ocean. Org. Geochem. 35: 573-582., Masaki, Y. et al (2011). Hydrothermal regime of the Iheya-North hydrothermal field inferred from surface heat flow data and IODP Expedition 331 drilling results. Poster abstract B51G-0478 presented at the American Geophysical Union 2011 fall meeting, December 5‚Äì9, 2011, San Francisco, CA., Kawagucci S., et al. (2013), Post-drilling changes in fluid discharge pattern, mineral deposition, and fluid chemistry in the Iheya North hydrothermal field, Okinawa Trough, Geochem. Geophys. Geosyst., 14, 4774‚Äì4790, doi:10.1002/2013GC004895., cruise KY14-01 report, available from JAMSTEC GODAC database, Nakajima R, Yamamoto H, Kawagucci S, Takaya Y, Nozaki T, et al. (2015) Post-Drilling Changes in Seabed Landscape and Megabenthos in a Deep-Sea Hydrothermal System, the Iheya North Field, Okinawa Trough. PLoS ONE 10(4): e0123095. doi:10.1371/journal.pone.0123095.",NA,1059
Northwest Eifuku,Eifuku,0,1,0,0,1,0,0,0,0,0,0,0,1,0,1,0,1,0,0,1,0,0,0,0,0,0,0,0,0,0,0,1,0,0,0,0,0,1,0,0,0,0,0,0,0,0,1,0,0,0,0,0,1,0,0,0,0,0,0,0,1,0,0,0,0,0,0,0,0,0,0,0,0,0,1,0,0,1,0,0,0,0,0,0,0,0,0,0,0,0,0,0,0,0,0,0,0,0,0,0,0,0,0,0,0,0,0,0,0,0,0,0,0,0,0,0,0,Mariana,"Champagne, Cliff House, More Mussels, Top Towers, Near Fouling, Fouling Heights, Sulphur Spicules, Bacterial Balls, Floc, Ice Cream, Ice Fall, Ice Sheet, Mussel Mound, Walter Grenade","active, confirmed",105,NA,21.485,144.043,N. Pacific,Mariana Arc,United States  :  Northern Mariana Islands and Guam,1604,1573,arc volcano,NA,basalt-hosted,NotProvided,"liquid CO2 from white smokers, temperature 105 C; ""first observation of liquid CO2 emission from a bare-rock basaltic system in an active magmatic arc setting""; http://www.oceanexplorer.noaa.gov/explorations/06fire/background/chemistry/chemistry.html; located within U.S. Marianas Trench Marine National Monument (http://www.fws.gov/marianastrenchmarinemonument/)","mussels, shrimp, microbial mats (http://www.pmel.noaa.gov/vents/marianas/rof2006/eifuku06.html)",2004 ROV ROPOS; 2003 plume only,"Lupton, J. et al. (2004) Liquid Carbon Dioxide Venting at the Champagne Hydrothermal Site, NW Eifuku Volcano, Mariana Arc. American Geophysical Union, Fall Meeting 2004, abstract #V43F-08, (plume only) Embley, R et al (2004) Explorations of Mariana Arc volcanoes reveal new hydrothermal systems. EOS, Trans. AGU 85(4): 37, 40.","Embley, RW et al. (2007) Exploring the submarine ring of fire Mariana Arc - Western Pacific. Oceanography 20(4): 68-79.",284136,1061
Northwest Rota-1 volcano,Rota,0,1,0,0,0,0,0,0,0,0,0,0,0,0,0,0,0,0,0,0,0,0,0,0,0,0,0,0,0,0,0,0,0,0,0,0,0,1,0,0,0,0,0,0,0,0,1,0,0,0,0,0,1,0,0,0,0,0,0,0,0,0,0,0,0,0,0,0,1,0,0,0,0,0,1,0,0,0,0,0,0,0,0,0,0,0,0,0,0,0,0,0,0,0,0,0,0,0,0,0,0,0,0,0,0,0,0,0,0,0,0,0,0,0,0,0,0,NW_Rota-1,"Brimstone Pit, Iceberg, Cnidaria Area, Dark Sands, Eastern Fault, Fault Shrimp, Flank Vent, Gastros, High Flow, Loose Sands, Pit Edge, Scarp Top, Shimmering Sands, Shrimp's Peak, Snowcone, White Mat, Yellow Top","active, confirmed",257,NA,14.601,144.775,N. Pacific,Mariana Arc,United States  :  Northern Mariana Islands and Guam,599,516,arc volcano,NA,basalt to basaltic andesites,NotProvided,"southern Mariana Arc; Brimstone Pit (eruption observed 2004, 2005, 2006, 2009); eruption plastered the ROV with molten sulfur; blog and videos from 2009 cruise: http://nwrota2009.blogspot.com/2009/04/fire-and-brimstone.html; Butterfield et al. (2007): ""The hydrothermal system at NW Rota-1 represents a direct connection to a sub-seafloor magma body, and is one of the only known sites in the world where we can directly sample the solid, liquid and gaseous products of a submarine magmatic hydrothermal system. Fluids (30 to 260 deg C) sampled directly from an eruptive vent have pH as low as 1.0, with a high content of particulate sulfur, excess sulfurous and sulfuric acid, and very low H2S content.""",shrimp (http://oceanexplorer.noaa.gov/explorations/06fire/background/biology/biology.html),2004 ROV ROPOS; 2003 plume only,"(plume only): Embley, R et al (2004) Explorations of Mariana Arc volcanoes reveal new hydrothermal systems. EOS, Trans. AGU 85(4): 37, 40, (ROV) Embley, R et al (2006) Long-term eruptive activity at a submarine arc volcano. Nature 441: 494-497.","Embley, RW et al. (2007) Exploring the submarine ring of fire Mariana Arc - Western Pacific. Oceanography 20(4): 68-79, Butterfield, D. et al. (2007) Sulfur Lakes and Sulfur-rich Volcanic Hydrothermal Systems on the Mariana Arc. Eos Trans. AGU, 88(52), Fall Meet. Suppl., Abstract V34B-03.",284211,1062
Omuro Hole,Omuro,0,0,0,0,0,0,0,0,0,0,0,0,0,0,0,0,0,0,0,0,0,0,0,0,0,0,0,0,0,0,0,0,0,0,0,0,0,0,0,0,0,0,0,1,0,0,0,0,0,0,0,0,0,0,0,0,0,0,0,0,0,0,0,0,0,0,0,0,0,0,0,0,0,0,0,0,0,0,0,0,0,0,0,0,0,0,0,0,0,0,0,0,0,0,0,0,0,0,0,0,0,0,0,0,0,1,0,0,0,0,0,0,0,0,0,0,0,IBM,NA,"active, confirmed",194,NA,34.5467,139.4417,N. Pacific,Izu-Bonin Arc,Japan,200,NA,arc volcano,NA,NotProvided,NotProvided,"JAMSTEC press release (2012): ""submarine rhyolitic Omurodashi volcano located south of Izu-Oshima, Tokyo Metropolis"", ""zone of continuous submarine hydrothermal activity in the crater-like depression (Omura hole) at the center of the volcano"", ""Hydrothermal deposits generated by this activity, including chimneys of metal sulfides that built up around the hydrothermal vents, were successfully collected""; ROV Hyper-Dolphin #1492, ROV Hyper-Dolphin #1497","NT 13-05 cruise report: crabs Xenograpsus, limpets, tubeworms Lamellibrachia satsuma",2012 ROV Hyper-Dolphin,"JAMSTEC press release, October 11, 2012, First discovery of submarine volcanic activity at Omurodashi, south of Izu-Oshima, accessed 23 April 2015, http://www.jamstec.go.jp/e/about/press_release/20121011/","Natsushima NT 13-05 cruise report (2013), accessed 23 April 2015, http://www.godac.jamstec.go.jp/catalog/data/doc_catalog/media/NT13-05_all.pdf.",NA,1278
Pika,Pika,0,0,0,1,0,0,0,0,0,1,0,0,0,0,0,0,0,0,0,0,0,0,0,0,0,0,0,0,0,0,0,1,0,0,0,0,0,0,0,0,0,0,0,0,0,0,0,0,0,0,0,0,1,0,0,0,1,0,0,1,0,0,0,0,0,0,0,1,0,0,0,0,0,0,0,0,0,0,0,0,0,0,1,0,0,0,1,0,0,0,0,0,0,0,0,0,1,0,1,0,0,0,0,0,0,0,0,0,0,0,0,0,0,0,0,1,0,Mariana,"Archaean (= Archean), Pika, Urashima","active, confirmed",343,NA,12.9183,143.6483,N. Pacific,Mariana Trough,United States  :  Northern Mariana Islands and Guam,2990,2830,back-arc spreading center,51.3,basalt-hosted,NotProvided,"off-axis (from Snail vent field), southern Mariana Trough; the position listed in this database is for Pika Site (12_55.1'N, 143_38.9'E, 2830m) with maximum temperature 330 deg C on a volcano 5 km off-axis to east; Urashima site is near Pika; Archaean site (12_56.35'N, 143_38.0'E, 2990m) has maximum temperature 343 deg C about 2 km off-axis to east; Baker et al. (2005): ""Plumes between 12 55' and 12 58'N rose ~200 m, with the maximum NTU and Eh anomalies centered between 2700 and 2750 m""; Archaean and Pika are included in the U.S. Marianas Trench Marine National Monument; WHOI YouTube video accessed 24 April 2015, https://www.youtube.com/watch?v=wxWUw_FGnJo&list=PL1CGd4Scv4GJsaaFRzItk-btFI757bH8f&index=4",see list of species in Kojima and Watanabe (2015),2003 submersible Shinkai 6500; 2003 plume only,"Ishibashi, et al. (2004) Geochemistry of hydrothermal fluids in South Mariana Backarc Spreading Center. AGU Fall Meeting abstract #V44A-05, (plume only) Baker, E.T. et al. (2005) Hydrothermal activity on near-arc sections of back-arc ridges: results from the Mariana Trough and Lau Basin. Geochem. Geophys. Geosyst. 6: Q09001, doi:10.1029/2005GC000948.","Kakegawa et al. (2008) Geochemistry of sulfide chimneys and basement pillow lavas at the southern Mariana Trough (12.55 N - 12.58 N). Resource Geology 58: 249-266., Kojima, S., and Watanabe, H. (2015) Vent fauna in the Mariana Trough. Chap. 25 in Subseafloor Biosphere Linked to Hydrothermal Systems, eds. Ishibashi, J., et al., doi:10.1007/978-4-431-54865-2_25.",NA,1078
Sakai,Sakai,0,0,0,0,0,0,1,1,1,0,0,1,0,1,1,1,1,0,0,0,0,1,0,0,0,0,1,0,0,0,0,0,0,0,0,0,0,0,0,0,1,1,0,1,1,1,0,1,1,0,1,1,0,0,1,0,0,0,0,0,0,0,0,0,1,0,1,0,0,0,0,1,0,0,0,0,1,0,1,0,1,0,1,0,0,1,0,0,1,1,1,0,0,1,0,0,0,0,0,0,1,0,1,1,0,0,0,0,1,0,0,0,1,0,0,0,0,NA,"Clam field (= Clam Site) (includes Calyptogena site and Pyramid chimney), Hitoshi, Noho (?)  (= pNoho)","active, confirmed",338,High,27.5481,126.9895,N. Pacific,Okinawa Trough,Japan,1600,1300,back-arc spreading center,28.8,"basalt, high-K andesite, dacite, sediment",NotProvided,"Sakai field includes Clam, Hitoshi, and Noho (?) (direction: N to S & shallower to deeper); position in database and max temp 280 C at Hitoshi site 27¬∞32.886'N, 126¬∞59.371'E (Cruise Report NT15-13, 2015); maximum temperature 338 C for pNoho on ROV Hyper-Dolphin Dive 1772 in Miyazaki et al. (2017); for Clam site: Ishibashi et al. (2015): ""temperature was recorded as 220 C in 1988. Venting was ceased in 1990, and since then, dive studies have not been conducted in this field""; Calyptogena site did not have shimmering water, Pyramid site 200 m N of Calyptogena had clear smokers 100-220 C;","Calyptogena okutanii, Neolepas-type scalpellid barnacles, tubeworms; fauna less abundant at Pyramid than Calyptogena",1988 submersible Shinkai 2000; 1987 plume only,"[Tanaka et al. (1989) Shinkai 2000 diving surveys in the east of Iheya Small Ridge of the central Okinawa Trough. JAMSTECR Deep-Sea Res. 267-281 (in Japanese with English abstract)];, (plume only) Ishibashi et al. (1988) Geochemical evidence for hydrothermal activity in the Okinawa Trough. Geochemical Journal 22: 107-114;","Ohta, S. and Kim, D. (2001) Submersible Observations of the Hydrothermal Vent Communities on the Iheya Ridge, Mid Okinawa Trough, Japan. J. Oceanogr. 57: 663-677;, Halbach et al., Econ. Geol., 88, 2210-2225, 1993;, Ishibashi, J., et al. (2015) Hydrothermal Activity in the Okinawa Trough Back-Arc Basin: Geological Background and Hydrothermal Mineralization. pp. 337-359 in Ishibashi, J. et al. (eds) Subseafloor Biosphere Linked to Hydrothermal Systems. Springer. doi:10.1007/978-4-431-54865-2_27;, R/V Natsushima & ROV Hyperdolphin Cruise Report NT15-13, 2015 Summer Tour of deep-sea hydrothermal ventfields in mid Okinawa Trough and investigation of their geochemical and (micro)biological diversity, July 27, 2015 from Kumamoto ‚Äì  August 6, 2015 to Kagoshima, Japan Agency f or Marine-Earth Science and Technology (JAMSTEC), http://www.godac.jamstec.go.jp/catalog/data/doc_catalog/media/NT15-13_all.pdf (accessed on: 2019/03/20);, Miyazaki, J., et al. (2017) WHATS-3: An Improved Flow-Through Multi-bottle Fluid Sampler for Deep-Sea Geofluid Research. Front. Earth Sci., 5, https://doi.org/10.3389/feart.2017.00045;, Nakamura, K., et al. (2015) Water column imaging with multibeam echo-sounding in the mid-Okinawa Trough: Implications for distribution of deep-sea hydrothermal vent sites and the cause of acoustic water column anomaly. Geochem. J., 49,  https://doi.org/10.2343/geochemj.2.0387;",NA,869
"SPOT, Hatoma Knoll",Hatoma,0,0,0,0,0,0,1,0,0,0,1,1,0,0,1,1,0,0,0,0,0,1,0,0,0,0,0,0,0,0,0,0,0,0,0,0,0,0,0,0,1,0,0,0,1,0,0,0,1,0,0,0,0,0,1,0,0,0,0,0,0,1,1,1,1,0,0,0,0,0,0,0,0,0,0,0,0,0,0,0,1,1,1,0,0,0,0,0,0,0,1,0,0,1,0,1,0,0,0,0,0,0,1,1,0,0,0,0,0,1,0,0,1,0,0,0,0,NA,"Big Chimney, Blue Smoker","active, confirmed",310,NA,24.855,123.841,N. Pacific,Okinawa Trough,Japan,1520,1460,back-arc spreading center,49,"basalt, high-K andesite, dacite, sediment",NotProvided,"Southernmost Part of Okinawa Trough; caldera (800 m diam) with > 10 vents in field 300 x 500 m; chimney more than 30-m tall; hydrothermal fluids > 300 C; total area of hydrothermal sites estimated about 16,800m2; also known for ""blue smoker"" observed on 2006 cruise (http://www.jamstec.go.jp/jamstec-e/PR/0701/0123/index.html); Lee (1999): "" Seven out of the 68 identified volcanoes have shown an active hydrothermal venting from the high-frequency EK500 records""","mussels, crabs, shrimp; no Calyptogena clams or vestimentiferan tubeworms as of Kojima (2002) review",1999 submersible Shinkai 2000,"[K. Fujikura et al. (2001) Report on the investigation of hydrothermal vent ecosystems by the crewed submersible ‚ÄòShinkai 2000‚Äô on the Dai-yon (No. 4) Yonaguni Knoll and the Hatoma Knoll, the Okinawa Trough. JAMSTEC J. Deep Sea Res. 19: 141-154 (in Japanese with English abstract)], Lee, C.-S. (1999) Active collision and backarc extension in the southernmost part of the Okinawa Trough. EOS, American Geophysical Union Transactions, 80, 46, AGU Fall Meeting abstract #T51B-06.","Tsuchida et al. (2000) Preliminary report of a biological, geological, and geochemical survey on hydrothermalism at the Hatoma and Minna Knolls. JAMSTEC J. Deep-Sea Res. 17: 35-42, Watanabe, K (2001) Mapping the hydrothermal activity area on the Hatoma Knoll in the southern Okinawa Trough. JAMSTEC Journal of Deep Sea Research 19: 87-94 (in Japanese with English abstract), Kishida, K. et al. (2004) Tungsten enriched in submarine hydrothermal fluids. Earth and Planetary Science Letters 222: 819-827.",NA,1144
"SPOT, Yonaguni Knoll IV",Yonaguni,0,0,0,0,0,0,1,0,0,0,0,1,0,0,1,1,0,0,0,0,0,0,0,0,0,0,0,0,0,0,0,0,0,0,0,0,0,0,0,0,1,0,0,0,1,0,0,0,1,0,0,1,0,0,1,0,0,0,0,0,0,0,0,0,1,0,0,0,1,0,0,0,0,0,0,0,0,0,0,0,0,1,1,0,0,0,0,0,0,0,1,0,0,0,0,1,0,0,0,0,0,0,1,1,0,0,0,0,0,0,0,0,0,0,0,0,0,NA,"Lion, Crystal, Tiger, Mosquito","active, confirmed",328,NA,24.849,122.7,N. Pacific,Okinawa Trough,Japan,1385,1336,back-arc spreading center,49,"basalt, high-K andesite, dacite, sediment",LTH,"Southernmost Part of Okinawa Trough; westernmost vent field within Japanese waters; ""20 active hydrothermal vents are aligned along an elongated depression and fluid circulation occurs within accumulated terrigenous sediments""; Inagaki et al. (2006): ""The hydrothermal field is characterized by two active black smoker vents (Tiger and Lion chimneys), with vent fluid temperatures up to 323¬∞C""; known for liquid CO2; Lee (1999): "" Seven out of the 68 identified volcanoes have shown an active hydrothermal venting from the high-frequency EK500 records""; Gamo et al. (2010) clarified the hydrocasts SPOT-1 through SPOT-5, with SPOT-5 being the closest; see maps in Okino et al. (2002) and Hongo et al. (2007); Okino et al. (2002): ""Station SPOT-5 (Fig.3) showed the highest light transmission anomaly up to ~5% within 300 m above the seafloor.""; Matsumoto et al. (2001): ""The area was surveyed by R/V YOKOSUKA and DSV SHINKAI 6500 in July-August 2000 (Lequios Cruise: Cruise ID=YK00-06 Leg2) after the succession of the previous l'Atalante cruise in 1996 in the SPOT Area (east of Taiwan). ... Two active hydrothermal sites were newly located through 10 dives in the study area. One is located in the SPOT area and the other on the axial zone of the Okinawa Trough off the northern coast of Miyako Island. Maximum temperature was 170.DEG.C. in the former case and 150.DEG.C. in the latter case. Both sites are characterised by active chimneys associated with sulphide deposits and chemosynthetic communities."";","Bathymodiolus mussels, bythograeid crabs; image in Inagaki et al. (2006) indicates high density crabs",2000 submersibles Shinkai 2000 and Shinkai 6500,"[Fujikura, K. et al., Report on the investigation of hydrothermal vent ecosystems by the crewed submersible ‚ÄòShinkai 2000‚Äô on the Dai-yon (No. 4) Yonaguni Knoll and the Hatoma Knoll, the Okinawa Trough. JAMSTEC J. Deep Sea Res. 19 (2001), pp. 141-154 (in Japanese with English abstract)], Matsumoto et al. (2001) Volcanic and hydrothermal activities and possible ""segmentation"" of the axial rifting in the westernmost part of the Okinawa Trough. Preliminary results from the YOKOSUKA/SHINKAI 6500 Lequios Cruise. JAMSTEC Journal of Deep Sea Research 19: 95-107., Lee, C.-S. (1999) Active collision and backarc extension in the southernmost part of the Okinawa Trough. EOS, American Geophysical Union Transactions, 80, 46, AGU Fall Meeting abstract #T51B-06.","Kishida, K. et al. (2004) Tungsten enriched in submarine hydrothermal fluids. Earth and Planetary Science Letters 222: 819-827, Inagaki et al. (2006) Microbial community in a sediment-hosted CO2 lake of the southern Okinawa Trough hydrothermal system. PNAS 103: 14164-14169, Konno et al. (2006) Liquid CO2 venting on the seafloor: Yonaguni Knoll IV hydrothermal system, Okinawa Trough. American Geophysical Union, Fall Meeting 2006, abstract #V23B-0606, Hongo et al. (2007) Rare Earth Elements in the hydrothermal system at Okinawa Trough back-arc basin. Geochemical Journal 41: 1-15, Suzuki et al. (2008) Diverse Range of Mineralization Induced by Phase Separation of Hydrothermal Fluid: Case Study of the Yonaguni Knoll IV Hydrothermal Field in the Okinawa Trough Back-Arc Basin. Resource Geology 58:267-288., Okino et al. (2002) Deep-tow sonar ‚ÄúWADATSUMI‚Äù survey in the Okinawa Trough. InterRidge News 11(2): 38-41., Gamo, T. et al. (2010) Microbial carbon isotope fractionation to produce extraordinarily heavy methane in aging hydrothermal plumes over the southwestern Okinawa Trough. Geochemical Journal 44: 477-487., Wang, L. et al. (2018) Comparative analyses of the bacterial community of hydrothermal deposits and seafloor sediments across Okinawa Trough. Journal of Marine Systems 180: 162-172. https://doi.org/10.1016/j.jmarsys.2016.11.012",NA,1145
Suiyo Seamount,Suiyo,0,0,0,0,0,0,0,0,0,0,0,0,0,0,1,0,1,0,0,0,0,0,0,0,0,0,0,0,0,1,0,0,0,0,0,0,0,1,0,0,0,0,0,0,0,0,0,0,0,0,0,0,0,0,0,0,0,0,0,0,1,0,0,0,0,0,0,0,0,0,0,0,0,0,1,0,0,0,0,0,0,0,1,0,0,0,0,0,0,0,0,0,0,0,0,0,0,0,0,0,0,0,0,0,1,0,1,0,0,0,0,0,0,0,0,0,0,IBM,NA,"active, confirmed",317,NA,28.575,140.6417,N. Pacific,Izu-Bonin Arc,Japan,1380,1320,arc volcano,NA,"IAB, low-K andesite, dacite","PMS, polymetallic sulfides","on Shichito-Iwojima Ridge; vent field (250 x 200 m) with small chimneys of polymetallic sulfide, barite and anhydrite in caldera (1500 m diam) of arc volcano, clear fluids, 230-311 C, high d13C, CO2 and CH4; Tsunogai et al. (1994):""first report of the dissolved gas composition of a deep-sea venting hydrothermal system originating from arc volcanism""; Neptune Minerals Plc, 21 Feb. 2007, applications by Neptune Minerals Japan Kabushiki Kaisha: ""Neptune's applications also cover the Myojin and Myojinsho Knolls, and the Suiyo and Kaikata Seamounts, all of which contain known SMS mineralisation.""","Mytilidae (Bathymodiolus septemdierum), Bythograeidae, Polynoidae, shrimps",1991 submersible Shinkai 2000,"[Kasuga and Kato (1992) Discovery of hydrothermal ore deposits in the crater of the Suiyo Seamount on the Izu-Ogasawara Arc. Proc. JAMSTEC Symp. Deep-Sea Res. 8: 249-256 (in Japanese with English Abstr.)], [Nagaoka et al. (1992) Geology of Mokuyo Seamount, Doyo Seamount, and Suiyo Seamount in the Sitiyo Seamounts on the Ogasawara arc. Proc. JAMSTEC Symp. Deep-Sea Res. 8: 237-248 (In Japanese with English abstract)].","Tsunogai et al., Peculiar features of Suiyo Seamount hydrothermal fluids, Izu-Bonin arc: differences from subaerial volcanism. Earth Planet. Sci. Lett., 126, 289-301, 1994, Marumo et al. (2008) Mineralogy and Isotope Geochemistry of Active Submarine Hydrothermal Field at Suiyo Seamount, Izu ‚Äì Bonin Arc, West Pacific Ocean. Resource Geology 58: 220-248.",284093,1154
Sumisu Caldera,Sumisu,0,0,0,0,0,0,0,0,0,0,0,0,0,0,0,0,1,0,0,0,0,0,0,0,0,0,0,0,0,0,0,0,0,0,1,0,0,0,0,0,0,0,0,0,0,0,0,0,0,0,0,0,0,1,0,0,0,0,0,0,0,0,0,0,0,0,0,0,0,0,0,0,0,0,0,0,0,0,0,0,0,0,0,0,0,0,0,0,0,0,0,0,0,0,1,0,0,0,0,0,0,0,0,0,0,0,0,0,0,0,0,0,0,0,0,0,0,IBM,NA,"active, confirmed",NA,Low,31.4667,140.0667,N. Pacific,Izu-Bonin Arc,Japan,690,670,arc volcano,NA,NotProvided,NotProvided,"well-formed caldera with diameter 8-9¬†km and a caldera wall 600-700¬†m high; Tani et al. (2008): ""Iwabuchi (1999) discovered vent communities (including mussels and clams) clustered around warm (12.1¬∞C) seeps near the summit of a caldera-floor cone.""; note: Fujikura et al. (2008) book lists Sumisu Caldera vent at 920-m depth","Bathymodiolus mussels, gastropods, vestimentiferan tubeworms",1998 submersible Shinkai 2000,[Iwabushi (1999) Sumisu Caldera. JAMSTEC J. Deep-Sea Res. 15: 83-94 (in Japanese with English abstract)].,"Tani et al. (2008) Sumisu volcano, Izu-Bonin arc, Japan: site of a silicic caldera-forming eruption from a small open-ocean island. Bull Volcanol 70: 547‚Äì562., Fujikura, K., Okutani, T., and Maruyama, T., eds. (2008) Deep-sea life: Biological observations using research submersibles. Tokai Univ. Press.",284080,1156
Tarama Knoll,Tarama,0,0,0,0,0,0,1,0,0,0,0,1,0,1,0,1,0,0,0,0,0,0,0,0,0,0,0,0,0,0,0,0,0,0,0,0,0,0,0,0,0,0,0,0,0,0,0,0,1,0,1,0,0,0,1,0,0,0,0,0,0,0,0,0,1,0,0,0,0,0,0,0,0,0,0,0,0,0,0,0,0,0,0,0,0,0,0,0,1,0,1,0,0,0,0,1,0,0,0,0,0,0,1,0,0,0,0,0,0,0,0,0,0,0,0,0,0,NA,"Fox site, Swan site, Crane site","active, confirmed",23,NA,25.0916,124.5416,N. Pacific,Okinawa Trough,Japan,1990,1510,back-arc spreading center,45,NotProvided,NotProvided,"position is given for Fox Site, described by Yamanaka et al. (2015): ""knoll lies almost at the foot of the south fault scarp in the rift graben of the southern Okinawa Trough"", ""During the KT05-26 cruise... a methane anomaly was detected near the seafloor around the area and was considered to be of possible hydrothermal origin"", ""Weak shimmering of clear warm fluid (up to 23 C) was found on the southwestern slope near the summit at a depth of 1510-1540 m in an area covered with red-brown sediment"", ""observed dense turbid water (possibly hydrothermal plume water)"", ROV HyperDolphin dives in 2009, 2010, 2011; Okino et al. (2015): AUV Urashima dives 182 and 183 in 2014, ""Previous ROV survey reported a low temperature shimmering hosted by rhyolitic rocks at the top of the knoll and the extent of turbid seawater at the southern slope of the knoll that may indicate an existence of unknown high temperature hydrothermal vent site""; ""Swan site is the second hydrothermal site on Tarama knoll"" (Makabe et al. 2016); Crane SIte was ""located about 1950 - 1990 m deep on the northern slope of Tarama Hill in the southern Okinawa Trough,"" on ROV KAIKO dive #669 in 2015 (Makabe et al. 2016, Chen et al. 2017);",NA,2009 ROV HyperDolphin,"Yamanaka, T., et al. (2015) The Tarama Knoll: Geochemical and Biological Profiles of Hydrothermal Activity. pp. 497-504 in Ishibashi, J. et al. (eds) Subseafloor Biosphere Linked to Hydrothermal Systems. Springer Japan. doi:10.1007/978-4-431-54865-2_40.","Okino, K. et al. (2015) Preliminary report of AUV URASHIMA dives at Tarama and Irabu hydrothermal fields. Japan Geosience Union Meeting 2015, abstract SCG64-09., Chen, C. et al. (2017) Unanticipated discovery of two rare gastropod molluscs from recently located hydrothermally influenced areas in the Okinawa Trough. PeerJ 5:e4121; DOI 10.7717/peerj.4121, Makabe, A, et al. (2016) Discovery of new hydrothermal vent fields in the mid- and southern-Okinawa Trough. In: Goldschmidt conference abstracts 2016: 1945.",NA,1213
Chamorro volcano,Chamorro,0,0,1,0,0,0,0,0,0,0,0,0,0,0,0,0,0,0,0,0,0,0,0,0,0,0,0,0,0,0,0,0,0,0,0,0,0,1,0,0,0,0,0,0,0,0,0,0,0,0,0,0,0,0,0,0,0,0,0,0,1,0,0,0,0,0,0,0,0,0,0,0,0,0,1,0,0,0,0,0,0,0,0,0,0,0,0,0,0,0,0,0,0,0,0,0,0,0,0,0,0,0,0,0,0,0,0,0,0,0,0,0,0,0,0,0,0,Mariana,,"active, inferred",,,20.81,144.705,N. Pacific,Mariana Arc,United States  :  Northern Mariana Islands and Guam,875,,arc volcano,,NotProvided,NotProvided,as distinguished from South Chamorro Seamount which is a serpentinite mud volcano at 13 47'N; located within U.S. Marianas Trench Marine National Monument (http://www.fws.gov/marianastrenchmarinemonument/),,2003 plume only,"(plume only) Baker et al. (2008) Hydrothermal activity and volcano distribution along the Mariana arc, JGR, 113,  B08S09, doi:10.1029/2007JB005423.",,,682
East Diamante volcano,EDiamante,0,0,1,0,0,0,0,0,0,0,0,0,0,0,0,0,0,0,0,0,0,0,0,0,0,0,0,0,0,0,0,1,0,0,0,0,0,1,0,0,0,0,0,0,0,0,0,0,0,0,0,0,0,0,0,0,0,0,0,0,0,0,0,0,0,0,0,0,1,0,0,0,0,0,0,0,0,1,0,0,0,0,0,0,0,0,0,0,0,0,0,0,0,0,0,0,0,0,0,0,0,0,0,0,1,0,0,0,0,0,0,0,0,0,0,0,1,Mariana,"Basket Case, Central Cone [includes Aquarium (non-vent), Boulder vent, Fe-Mn Crust, Floc Storm], Eastern Cone (includes Barnacle Beach, Black Forest), Five Towers, Gnome, Intense Diffuse, Limpets, Snail Flange, Softy","active, confirmed",242,,15.93,145.67,N. Pacific,Mariana Arc,United States  :  Northern Mariana Islands and Guam,457,188,arc volcano,,"IAB, low-K andesite to andesites",NotProvided,"shallowest (345 m) black smokers yet discovered as of 2009; temperature 242 C; interaction of hydrothermal vent and coral reef communities at 188-205 m depth; Hein et al. (2010) describe dives with ROV Hyper-Dolphin in 2009 and 2010; Stevens et al. (2015): ""The 195 m depth contour marked the appearance of perceptible ambient light and the beginning of an extraordinary transition from a chemosynthetic productivity regime to one dominated by photosynthesis.... At this depth, visible shimmering water indicated widespread hydrothermal venting.""","The dives near hydrothermal vents at East Diamante volcano (between 300-350 meters depth) encountered animals such as crabs, basket stars, crabs, barnacles, and snails (http://www.pmel.noaa.gov/vents/marianas/multimedia04.html); Stevens et al. (2015): ""vent-obligate invertebrates at Barnacle Beach (~460 m) belonged to a purely chemosynthetic food web, non-vent organisms at Aquarium (179 m) had diets based on the products of photosynthesis, and most of the invertebrates at Black Forest (349 m) and Central Cone vent sites (247-288 m) had mixed chemosynthetic/photosynthetic diets""",2004 ROV ROPOS; 2003 plume only,"Butterfield, D. et al. (2004) Overview of Vent Fluid Chemistry From the Marianas Volcanic Arc. American Geophysical Union, Fall Meeting 2004, abstract #V44A-01, (plume only) Embley, R, et al. (2004) Explorations of Mariana Arc volcanoes reveal new hydrothermal systems. EOS, Trans. AGU 85(4): 37, 40.","Embley, RW et al. (2007) Exploring the submarine ring of fire Mariana Arc - Western Pacific. Oceanography 20(4): 68-79., Hein, J. R., et al. (2010) Discovery Of An Extensive Hydrothermal Sulfide/Sulfate Mounds Field In East Diamante Caldera, Mariana Volcanic Arc. AGU Fall Meeting Abstract #OS21A-1485., Stevens, C.J. et al. (2015) Obligate hydrothermal vent fauna at East Diamante submarine volcano (Mariana Arc) exploit photosynthetic and chemosynthetic carbon sources. Mar. Ecol. Prog. Ser. 525: 25-39, doi: 10.3354/meps11229.",284201,713
Ruby,Ruby,0,0,0,0,0,0,0,0,0,0,0,0,0,0,0,0,0,0,0,0,0,0,0,0,0,0,0,0,0,0,0,0,0,0,0,0,0,0,0,0,0,0,0,0,0,0,0,0,0,0,0,0,0,0,0,0,0,0,0,0,0,0,0,0,0,0,0,0,0,0,0,0,0,0,0,0,0,0,0,0,0,0,0,0,0,0,0,0,0,0,0,0,0,0,0,0,0,0,0,0,0,0,0,0,1,0,0,0,0,0,0,1,0,0,0,0,0,Mariana,"Mat, Rua","active, confirmed",,Low,15.62,145.57,N. Pacific,Mariana Arc,United States  :  Northern Mariana Islands and Guam,214,200,arc volcano,,NotProvided,NotProvided,"southern Mariana Arc; small plume, small diffuse hydrothermal system; Baker et al. (2008): ""ROV dives on the summit in 2006 found evidence of low-level emissions of chemicals forming extensive iron oxide crusts and deposits""","2006 ""Submarine Ring of Fire"" cruise report: ""small, red aggressive crabs""",2006 ROV Jason II; 2003 plume only,"Submarine Ring of Fire cruise report (2006): http://oceanexplorer.noaa.gov/explorations/06fire/logs/summary/media/srof06_cruisereport_final.pdf, Baker et al. (2008) Hydrothermal activity and volcano distribution along the Mariana arc. JGR, 113,  B08S09,  doi:10.1029/2007JB005423.","Embley, R et al (2004) Explorations of Mariana Arc volcanoes reveal new hydrothermal systems. EOS, Trans. AGU 85(4): 37, 40.",284202,1095
Seamount X,SeamountX,0,1,0,0,0,0,0,0,0,0,0,0,0,0,0,0,0,0,0,0,0,0,0,0,0,0,0,0,0,0,0,1,0,0,0,0,0,1,0,0,0,0,0,0,0,0,0,0,0,0,0,0,0,0,0,0,0,0,0,0,1,0,0,0,0,0,0,0,0,0,0,0,0,0,1,0,0,0,0,0,0,0,0,0,0,0,0,0,0,0,0,0,0,0,0,0,0,0,0,0,0,0,0,0,0,0,0,0,0,0,0,0,0,0,0,0,0,Mariana,,"active, confirmed",,Low,13.25,144.02,N. Pacific,Mariana Arc,United States  :  Northern Mariana Islands and Guam,1450,1290,arc volcano,,basaltic andesite,NotProvided,"E of back-arc spreading center and W of southern Mariana Arc; Fryer et al (2004): ""(Seamount X) is apparently deformed along a fault zone that connects the center of back-arc extension to the major north‚Äìsouth fault at 144¬∞10'E.""; Baker et al. (2005) figure shows ""X"" as arc volcano, in arc with TOTO and W. Rota; Baker et al. (2008): ""ROV dives in 2006 found no high-temperature sites but did observe thick deposits of microbial mats and multiple diffuse venting sites (T = 12 C (D. Butterfield, unpublished data, 2007))""","Diffuse sites of thermal venting colonized by shrimps, crabs, and scaleworms were detected near the summit during a 2006 NOAA expedition, and thick deposits of sulfur flows originating from the hydrothermal vent were observed that were covered with squat lobsters; 2006 NOAA cruise report suggests diversity more like other seamounts on frontal arc rather than Forecast",1994 or earlier submersible Shinkai 6500,"[MASUDA H., et al. 1994. Topography and geochemical aspects on the most recent volcanism around the spreading axis of the southern Mariana Trough at 13¬∞N . Proceedings of JAMSTEC Symposium of Deep Sea Research 10, 175‚Äì85 (in Japanese)].","[Hein et al., in Geology and Resource Potential of the Continental Margin of Western North America and Adjacent Ocean Basins, 753-771, 1987], Embley, R et al (2004) Explorations of Mariana Arc volcanoes reveal new hydrothermal systems. EOS, Trans. AGU 85(4): 37, 40, Fryer et al. (2004) Volcanoes of the southwestern extension of the active Mariana island arc: New swath-mapping and geochemical studies. The Island Arc 7: 596-607, Baker, E.T. et al. (2005) Hydrothermal activity on near-arc sections of back-arc ridges: results from the Mariana Trough and Lau Basin. Geochem. Geophys. Geosyst. 6: Q09001, doi:10.1029/2005GC000948, ""Submarine Ring of Fire"" cruise report (2006): http://oceanexplorer.noaa.gov/explorations/06fire/logs/summary/media/srof06_cruisereport_final.pdf, Baker et al. (2008) Hydrothermal activity and volcano distribution along the Mariana arc, JGR, 113,  B08S09, doi:10.1029/2007JB005423.",284230,1112
Burke,Burke,0,0,0,1,0,0,0,0,0,1,0,0,0,0,0,0,0,1,0,0,0,0,0,0,0,0,0,0,0,0,0,1,0,0,0,0,0,0,0,0,0,0,0,0,0,0,0,0,0,1,0,0,0,0,0,0,1,0,0,1,0,0,0,0,0,0,0,1,0,0,0,0,0,0,0,0,0,0,0,0,0,0,0,0,0,0,1,1,0,0,0,1,0,0,0,0,1,1,1,1,0,0,0,0,0,0,0,0,0,0,1,0,0,0,0,0,0,,,,,,18.2103,144.7073,N. Pacific,Mariana Trough,,3631,,back-arc spreading center,,,,,,,,"Trembath-Reichert  et al., 2019",,
Hafa Adai,HafaAdai,0,0,0,1,0,0,0,0,0,1,0,0,0,0,0,0,0,1,0,1,0,0,0,0,0,0,0,0,0,0,0,1,0,0,0,0,0,0,0,0,0,0,0,0,0,0,0,0,0,1,0,0,1,0,0,0,1,0,0,1,0,0,0,0,0,0,0,1,0,0,0,0,0,0,0,0,0,0,0,0,0,0,0,0,0,0,1,1,0,0,0,1,0,0,0,0,1,0,1,0,0,0,0,0,0,0,0,1,0,0,1,0,0,0,0,1,0,Mariana,,"active, confirmed",339,High,16.957,144.868,N. Pacific,Mariana Trough,United States  :  Northern Mariana Islands and Guam,3294,,back-arc spreading center,37.7,NotProvided,NotProvided,"""ROV dives in 2016, first on NOAA ship Okeanus Explorer cruise EX1605-Leg 1 (http://oceanexplorer.noaa.gov/okeanos/explorations/ex1605/) and subsequently on R.V. Falkor (Butterfield & Shipboard Scientific Party, 2017) discovered the Hafa Adai site, with multiple high (280¬∞‚Äì339¬∞C) and low (‚àº20¬∞C) temperature vent discharge spanning ‚àº300 m and centered at 16.957¬∞N, 144.868¬∞E, in the middle of the Sentry plume anomalies (Figure 4b)."" from Baker et al., 2017",,2016 ROV Deep Discoverer; 2015 AUV Sentry plume mapping ,"Baker, E. T., Walker, S. L., Resing, J. A., Chadwick, W. W., Merle, S. G., Anderson, M. O., ‚Ä¶ Michael, S. (2017). The effect of arc proximity on hydrothermal activity along spreading centers: New evidence from the Mariana back arc (12.7¬∞N‚Äì18.3¬∞N). Geochemistry, Geophysics, Geosystems, 18, 4211‚Äì4228. https://doi.org/10.1002/2017GC007234;",,,1313
Perseverance,Perseverance,0,0,0,1,0,0,0,0,0,1,0,0,0,0,0,0,0,0,0,0,0,0,0,0,0,0,0,0,0,0,0,1,0,0,0,0,0,0,0,0,0,0,0,0,0,0,0,0,0,0,0,0,1,0,0,0,0,0,0,1,0,0,0,0,0,0,0,1,0,0,0,0,0,0,0,0,0,0,0,0,0,0,0,0,0,0,1,1,0,0,0,0,0,0,0,0,1,1,1,0,0,0,0,0,0,0,0,0,0,0,0,0,0,0,0,0,0,Mariana,,"active, confirmed",265,High,15.4802,144.5077,N. Pacific,Mariana Trough,,3935,3905,back-arc spreading center,43.1,NotProvided,NotProvided,"""ROV dives in 2016 confirmed a site at 15.4808N, 144.5088E, now called Perseverance vent field (Butterfield & Shipboard Scientific Party, 2017). The location of the 2015 CTD-tow plumes and the presence of other Sentry-mapped plume anomalies at 70 mab suggest other activity on the segment high, but there is presently insufficient evidence to confirm locations. (Figure 7c)"" from Baker et al., 2017",,2016 ROV SuBastian; 2015 AUV Sentry plume mapping,"Baker, E. T., Walker, S. L., Resing, J. A., Chadwick, W. W., Merle, S. G., Anderson, M. O., ‚Ä¶ Michael, S. (2017). The effect of arc proximity on hydrothermal activity along spreading centers: New evidence from the Mariana back arc (12.7¬∞N‚Äì18.3¬∞N). Geochemistry, Geophysics, Geosystems, 18, 4211‚Äì4228. https://doi.org/10.1002/2017GC007234;, Butterfield, D., & Shipboard Scientific Party (2017). Hydrothermal hunt at the Mariana back-arc, Leg 2. (Cruise Rep. FK161129 on RV Falkor). Seattle, Washington: https://www.pmel.noaa.gov/eoi/marianas/Falkor-2016-FK161129-report-with-logs.pdf;",,284305,1314
Snail,Snail,0,0,0,1,0,0,0,0,0,1,0,0,0,0,0,0,0,0,0,0,0,0,0,0,0,0,0,0,0,0,0,1,0,0,0,0,0,0,0,0,0,0,0,0,0,0,0,0,0,0,0,0,1,0,0,0,1,0,0,1,0,0,0,0,0,0,0,1,0,0,0,0,0,0,0,1,0,0,0,0,0,0,0,0,0,0,1,1,0,0,0,1,0,0,0,0,1,0,1,0,0,0,0,0,0,0,0,0,0,0,0,0,0,1,1,0,0,Mariana,"Snail (= Fryer), Y (= Yamanaka)","active, confirmed",248,,12.9533,143.62,N. Pacific,Mariana Trough,United States  :  Northern Mariana Islands and Guam,2880,2830,back-arc spreading center,51.3,NotProvided,NotProvided,"southern Mariana Trough; the position and maximum depth in this database is for Snail site; Yamanaka site at 12.9403N, 143.6080E, 2830 m; Wheat et al. (2003): ""Two styles of venting were identified within an 80 m by 70 m area. Higher temperature venting was located in cracks among extinct mounds that were 2-5 m high and wide and are nearly monomineralic (sphalerite) in composition. Maximum temperatures of 248 degrees C were recorded 30 cm into these cracks, which were covered with abundant large provannid snails, Alvinoconcha hessleri, and crabs. In contrast, lower temperature diffuse venting (77 degrees C) emanated from mounds that have a porous structure that is composed of amorphous iron oxide and opal. These mounds are covered with microbial mats, which exhibit a high degree of biomass...""; J. Ishibashi (pers. comm.), for Yamanaka site: ""Only very weak shimmering around 20 deg C was observed""; Baker et al. (2005): ""Plumes between 12 55' and 12 58'N rose ~200 m, with the maximum NTU and Eh anomalies centered between 2700 and 2750 m""; located in the U.S. Marianas Trench Marine National Monument; WHOI YouTube video accessed 24 April 2015, https://www.youtube.com/watch?v=wxWUw_FGnJo&list=PL1CGd4Scv4GJsaaFRzItk-btFI757bH8f&index=4","snails (including Alvinoconcha hessleri), crabs, shrimp; see list of species in Kojima and Watanabe (2015)",2003 ROV Jason II; 2003 plume only,"Wheat, C. G., et al. (2003), Hydrothermal venting in the southernmost portion of the Mariana backarc spreading center at 12¬∞57‚Ä≤N, Eos Trans. AGU, 84(46), Fall Meet. Suppl., Abstract V32A-0920, (plume only) Baker, E.T. et al. (2005) Hydrothermal activity on near-arc sections of back-arc ridges: results from the Mariana Trough and Lau Basin. Geochem. Geophys. Geosyst. 6: Q09001, doi:10.1029/2005GC000948.","Kojima, S., and Watanabe, H. (2015) Vent fauna in the Mariana Trough. Chap. 25 in Subseafloor Biosphere Linked to Hydrothermal Systems, eds. Ishibashi, J., et al., doi:10.1007/978-4-431-54865-2_25.",,1127
Archaean,Archaean,0,0,0,1,0,0,0,0,0,1,0,0,0,0,0,0,0,0,0,0,0,0,0,0,0,0,0,0,0,0,0,1,0,0,0,0,0,0,0,0,0,0,0,0,0,0,0,0,0,0,0,0,0,0,0,0,1,0,0,1,0,0,0,0,0,0,0,1,0,0,0,0,0,0,0,0,0,0,0,0,0,0,0,0,0,0,1,0,0,0,0,0,0,0,0,0,0,0,1,0,0,0,0,0,0,0,0,0,0,0,0,0,0,0,0,0,0,,,,,,12.56,143.38,N. Pacific,Mariana Trough,,2990,,back-arc spreading center,,,,,,,,"Kojima, S., and Watanabe, H. (2015) Vent fauna in the Mariana Trough. Chap. 25 in Subseafloor Biosphere Linked to Hydrothermal Systems, eds. Ishibashi, J., et al., doi:10.1007/978-4-431-54865-2_25.",,